Revenue Growth (%),Net Income Growth (%),Assets Growth (%),Liabilities Growth (%),Cash Flow from Operations Growth (%)
-2.1745647100982923,-1.119058821872704,-0.22408131614230498,-0.34063757302226216,-2.1637385556496085
-10.83078926939769,-7.621900405716476,-9.977519095706839,-3.4523506894777567,-6.075079736874134
-24.876359942620468,-36.09645430650464,-23.657207046663448,-15.721296201272452,-5.421184106612154
